aspect,negative_ratio,recommendation
Customer Service,0.2765,Moderate negative sentiment on Customer Service. Recommendation: Monitor customer feedback on Customer Service closely and address recurring complaints.
Packaging,0.2359,Moderate negative sentiment on Packaging. Recommendation: Monitor customer feedback on Packaging closely and address recurring complaints.
Quality,0.1785,Low negative sentiment on Quality. Recommendation: Maintain current standards for Quality.
Delivery,0.1624,Low negative sentiment on Delivery. Recommendation: Maintain current standards for Delivery.
Size and Fit,0.1293,Low negative sentiment on Size and Fit. Recommendation: Maintain current standards for Size and Fit.
Taste and Flavor,0.1222,Low negative sentiment on Taste and Flavor. Recommendation: Maintain current standards for Taste and Flavor.
Price,0.1185,Low negative sentiment on Price. Recommendation: Maintain current standards for Price.
Comfort,0.1071,Low negative sentiment on Comfort. Recommendation: Maintain current standards for Comfort.
Design and Appearance,0.0811,Low negative sentiment on Design and Appearance. Recommendation: Maintain current standards for Design and Appearance.
Usability,0.0663,Low negative sentiment on Usability. Recommendation: Maintain current standards for Usability.
